start_chunk	end_chunk	id_chunk	n_observed	mean_simulated	odds_ratio	u	pvalue	cintervL	cintervH	stdev
29000	29100	0	16	11.2543	1.4237245682206923	1.774252563452217	0.18285666526312305	11.320335123274205	11.188264876725796	3.368624572433087
29100	29200	1	23	12.8144	1.800410841358622	6.56679455622735	0.010389891537376024	12.885052821142674	12.743747178857324	3.604185433631294
29200	29300	2	33	21.3988	1.547595370577312	5.42792317405652	0.019817233325748775	21.489997029921323	21.30760297007868	4.652199325050465
29300	29400	3	11	12.8178	0.8577092925578765	0.2719305338238378	0.6020396841572613	12.887579504342549	12.748020495657451	3.5596352565958216
29400	29500	4	25	10.0735	2.493022061638384	15.662917393484626	7.569380255492888e-05	10.134979366434804	10.012020633565195	3.136223485340291
29500	29600	5	39	23.4477	1.671174697809681	8.654582174678115	0.0032623988038922077	23.54156101433898	23.35383898566102	4.7880961466954695
29600	29700	6	29	18.9683	1.5335354200785416	4.589719062963887	0.03216428586695525	19.052666451016112	18.883933548983887	4.303753607027243
29700	29800	7	161	44.834	3.7233288145673393	183.5025057072986	8.331456931225789e-42	44.963735153775914	44.70426484622409	6.618129947349176
29800	29900	8	11	3.3291	3.311870007698151	10.970239456864602	0.000925867956657978	3.364410389386902	3.2937896106130977	1.8012754342409714
