start_chunk	end_chunk	id_chunk	n_observed	mean_simulated	odds_ratio	u	pvalue	cintervL	cintervH	stdev
102	202	1	50	46.1305	1.0851665477053483	0.3204506014935147	0.5713369757376032	46.262054441483556	45.99894555851644	6.710936577706573
202	302	2	87	41.4388	2.129123697633615	38.56901903722131	5.285122991739502e-10	41.56293207977453	41.314667920225475	6.33230246908658
302	402	3	15	15.3691	0.9758750846940265	0.008977325690140536	0.9245143949545659	15.445919387219215	15.292280612780784	3.9187581183328986
402	502	4	8	10.9561	0.7295339311401237	0.8835674158106412	0.34722645116059436	11.020730959648656	10.891469040351343	3.2969945086396493
502	602	5	21	11.8221	1.7812849638003043	5.8009068541757856	0.016017911046713292	11.889683578886082	11.75451642111392	3.4476153483241134
602	702	6	18	13.1079	1.3752558812268922	1.6406935569652656	0.20023033591810344	13.178654198334046	13.037145801665956	3.6093569496518354
702	802	7	6	12.4323	0.4816754093981955	4.134662173849719	0.042013452551339196	12.50123906506619	12.363360934933809	3.5167622481481455
802	902	8	23	16.2165	1.4212319695729139	2.5223519346366476	0.1122430643770379	16.295397182299688	16.137602817700312	4.024751886762711
902	1002	9	17	14.1491	1.2025287698875813	0.5417828311513864	0.4616948011993799	14.222125474405166	14.076074525594835	3.725220690106829
