start_chunk	end_chunk	id_chunk	n_observed	mean_simulated	odds_ratio	u	pvalue	cintervL	cintervH	stdev	uniq
0	5000	0	191	177.712544	1.091433262446643	1.1735318048953154	0.278676736346265	[177.73651299 177.73533439]	[177.68857501 177.68975361]	12.366238193082975	148
5000	10000	1	133	160.7880905	0.8020547814809107	5.967225296624569	0.014574195944380546	[160.81112971 160.81005261]	[160.76505129 160.76612839]	11.811318887567545	111
10000	15000	2	167	169.5619725	0.9820265528926045	0.04637096782528172	0.8295028751041824	[169.58549001 169.5843852 ]	[169.53845499 169.5395598 ]	12.088624752602907	126
15000	20000	3	154	169.9891265	0.8897376205911544	1.8428572125899478	0.17461643336508326	[170.01269823 170.01158931]	[169.96555477 169.96666369]	12.115253991022957	122
20000	25000	4	143	166.587734	0.836033206322713	4.135392759945944	0.04199532110421985	[166.61109032 166.6099875 ]	[166.56437768 166.5654805 ]	11.994508441167733	113
25000	30000	5	261	185.145611	1.5455742238830796	34.40735160931055	4.470315695246897e-09	[185.16998729 185.16872753]	[185.12123471 185.12249447]	12.633303227449225	195
