start_chunk	end_chunk	id_chunk	n_observed	mean_simulated	odds_ratio	u	pvalue	cintervL	cintervH	stdev
0	5000	0	314	325.465578	0.9577306023233866	0.49282870595721207	0.482668189686958	325.4977450140933	325.4334109859067	16.412015388912966
5000	10000	1	274	294.182065	0.9197277895027947	1.6723313438677962	0.19594656095606253	294.2129344571404	294.1511955428596	15.749985502716346
10000	15000	2	241	310.333528	0.7438324337338755	19.801980306242186	8.589364002888846e-06	310.3650687745394	310.3019872254606	16.09250008771838
15000	20000	3	283	311.096781	0.8937301930101457	3.1162257998231624	0.07751613286686466	311.1283375015936	311.06522449840645	16.10052422867153
20000	25000	4	270	304.81899	0.8666745747858151	4.899706235523894	0.02686126458189454	304.8503292657792	304.7876507342208	15.989687782439656
25000	30000	5	503	339.434754	1.6572612613243924	86.49283705611703	1.4024435011436158e-20	339.4674590323589	339.4020489676411	16.6865190785701
