{"AGA_A": 1.4184496889135701e-05, "AGA_T": 8.86530501489418e-12, "AGA_C": 8.86530501489418e-12, "GCC_A": 3.51752424784511e-11, "GCC_T": 8.793814137137021e-05, "GCC_G": 3.51752424784511e-11, "TTG_A": 2.1150654215114276e-06, "TTG_C": 9.400282667587184e-06, "TTG_G": 2.3500935800800696e-07, "TCC_A": 1.703800807549975e-11, "TCC_T": 8.859765903060677e-05, "TCC_G": 1.703800807549975e-11, "CTG_A": 4.217145342533962e-06, "CTG_C": 9.337961029313997e-06, "CTG_G": 1.506125273062179e-06, "GTT_A": 4.741010942747756e-12, "GTT_C": 9.956127720781231e-06, "GTT_G": 4.7410583528571843e-07, "TCA_A": 2.947120804586534e-06, "TCA_T": 8.310864636628915e-05, "TCA_G": 1.7682748404438487e-06, "ACG_A": 1.6275112191522152e-11, "ACG_T": 0.00010578824552000617, "ACG_G": 1.6275112191522152e-11, "AAA_T": 4.226482623379783e-12, "AAA_C": 4.226482623379783e-12, "AAA_G": 1.1411507309608037e-05, "CAC_T": 1.0586776398005516e-06, "CAC_C": 5.293414665811419e-07, "CAC_G": 1.0057392584530516e-05, "AAC_T": 5.3981807763959606e-12, "AAC_C": 5.3981807763959606e-12, "AAC_G": 9.716730795693504e-06, "TTT_A": 7.451727687519636e-07, "TTT_C": 6.2097548576594e-06, "TTT_G": 4.967826738016256e-07, "TGC_A": 9.214938035657847e-06, "TGC_T": 2.610896294432239e-05, "TGC_C": 1.5358358044466935e-06, "TAC_T": 1.7682748404438487e-06, "TAC_C": 5.894229820713427e-12, "TAC_G": 7.073081679085933e-06, "AGG_A": 2.726082232107992e-05, "AGG_T": 9.400280317517103e-12, "AGG_C": 9.400280317517103e-12, "TTC_A": 7.468790555870906e-07, "TTC_C": 1.3443696032397862e-05, "TTC_G": 1.4937506424583125e-06, "GCG_A": 2.596293859897982e-06, "GCG_T": 7.009925918759223e-05, "GCG_G": 2.5962678972190096e-11, "TCG_A": 5.032782238186338e-06, "TCG_T": 0.0001342070957705906, "TCG_G": 1.6775884874338216e-11, "GTG_A": 1.2533738424290528e-06, "GTG_C": 7.5202273874404545e-06, "GTG_G": 3.1334581067734263e-07, "GCT_A": 1.0904434211571524e-06, "GCT_T": 6.978769198157216e-05, "GCT_G": 1.090432516831984e-11, "GAG_T": 8.260935008766306e-07, "GAG_C": 3.304349220949321e-06, "GAG_G": 4.956519700997782e-06, "ACT_A": 5.1925357944380186e-12, "ACT_T": 7.94458028474375e-05, "ACT_G": 5.1925357944380186e-12, "CCG_A": 3.6348114038571748e-06, "CCG_T": 7.633031252598943e-05, "CCG_G": 3.6347750561066137e-11, "TGG_A": 2.295648838636436e-05, "TGG_T": 3.156516615082739e-05, "TGG_C": 1.4347939752067794e-06, "TCT_A": 2.3576978225151915e-06, "TCT_T": 0.0001337990228244246, "TCT_G": 5.894288763011634e-07, "CTT_A": 3.2453381168586333e-06, "CTT_C": 8.113340424144276e-06, "CTT_G": 1.6226706810967523e-06, "TAT_T": 2.7606024531508055e-06, "TAT_C": 1.3802943251037772e-11, "TAT_G": 1.3802957053981022e-05, "CAG_T": 8.925252238954021e-06, "CAG_C": 1.940275262806081e-06, "CAG_G": 7.76108940959603e-06, "GTC_A": 1.2981339486095048e-11, "GTC_C": 3.894414827168e-06, "GTC_G": 1.2981339486095048e-11, "ATC_A": 8.452965246759567e-12, "ATC_C": 3.127597986597564e-05, "ATC_G": 8.452965246759567e-12, "TTA_A": 1.1070408557495187e-06, "TTA_C": 7.195750340598161e-06, "TTA_G": 1.1070408557495187e-06, "AAG_T": 3.1698619675348375e-12, "AAG_C": 3.1698619675348375e-12, "AAG_G": 1.0143561465973447e-05, "ATG_A": 2.472636092589533e-12, "ATG_C": 1.7555718730021774e-05, "ATG_G": 2.472636092589533e-12, "GCA_A": 2.0574301301784303e-06, "GCA_T": 6.069389565793606e-05, "GCA_G": 1.0287099215396077e-11, "TAG_T": 3.461725146530642e-07, "TAG_C": 6.923415676155988e-07, "TAG_G": 1.1769751262416707e-05, "CTC_A": 9.565197516070036e-12, "CTC_C": 1.7217365094123578e-05, "CTC_G": 3.826088571625529e-06, "AGC_A": 2.896463076635765e-05, "AGC_T": 1.703800807549975e-11, "AGC_C": 1.703800807549975e-11, "CCT_A": 7.788814818519444e-06, "CCT_T": 5.452163696846162e-05, "CCT_G": 2.225383610192996e-06, "TGT_A": 1.4921719603306273e-05, "TGT_T": 2.0660838112948294e-05, "TGT_C": 2.2956588820938276e-06, "CGG_A": 5.7391242487605306e-05, "CGG_T": 8.60868350358154e-05, "CGG_C": 5.739118509642021e-11, "GAA_T": 6.901485428462137e-06, "GAA_C": 4.140896778254582e-06, "GAA_G": 1.3802957053981022e-05, "AGT_A": 1.1250502875508698e-05, "AGT_T": 8.654226324063365e-12, "AGT_C": 8.654226324063365e-12, "GTA_A": 1.5880138130199613e-06, "GTA_C": 7.940047891652876e-06, "GTA_G": 5.293414665811419e-07, "ACC_A": 1.0190958101233496e-11, "ACC_T": 6.216485460848243e-05, "ACC_G": 1.0190958101233496e-11, "ATA_A": 4.543468820133267e-12, "ATA_C": 1.635649229594858e-05, "ATA_G": 4.543468820133267e-12, "TAA_T": 2.271740089402658e-06, "TAA_C": 5.679336025166584e-12, "TAA_G": 3.4076072944359753e-06, "CAT_T": 6.568877152195788e-06, "CAT_C": 3.941328918865706e-06, "CAT_G": 5.911990093863267e-06, "ATT_A": 2.7746374474096287e-12, "ATT_C": 1.7202754948577142e-05, "ATT_G": 2.7746374474096287e-12, "ACA_A": 4.053652478929309e-12, "ACA_T": 0.00010904325573685086, "ACA_G": 4.053652478929309e-12, "CTA_A": 1.9074653076726157e-06, "CTA_C": 9.537313821948888e-06, "CTA_G": 3.17913533865059e-07, "CCC_A": 1.1683244481504e-05, "CCC_T": 0.00010904329062721685, "CCC_G": 3.8944018458285146e-11, "GGG_A": 4.460865252642283e-05, "GGG_T": 9.913072445405164e-06, "GGG_C": 4.956511440145382e-11, "AAT_T": 6.195639300181728e-12, "AAT_C": 6.195639300181728e-12, "AAT_G": 9.913029075930064e-06, "CAA_T": 6.6552270531178215e-06, "CAA_C": 1.5358255656437184e-06, "CAA_G": 9.214927796854874e-06, "CCA_A": 5.894239644429794e-06, "CCA_T": 8.350159895048991e-05, "CCA_G": 2.9471247340730814e-06, "GAT_T": 2.7260812920799604e-11, "GAT_C": 2.7260812920799604e-11, "GAT_G": 1.3630433721212718e-05, "CGT_A": 3.9982561964923304e-05, "CGT_T": 9.813896286262911e-05, "CGT_C": 1.8173911628283625e-05, "TGA_A": 1.70790766543867e-05, "TGA_T": 3.153059193770215e-05, "TGA_C": 1.3137872544062075e-06, "GAC_T": 1.5358358044466935e-06, "GAC_C": 1.5358358044466935e-06, "GAC_G": 4.607476696931156e-06, "CGC_A": 3.230915199622607e-05, "CGC_T": 7.673418045975135e-05, "CGC_C": 4.0386389512295706e-11, "GGC_A": 3.894409634632205e-05, "GGC_T": 3.115529265466503e-05, "GGC_C": 7.788803691657029e-11, "GGA_A": 2.18087230321408e-05, "GGA_T": 7.269550112213227e-11, "GGA_C": 7.2696228077143495e-06, "CGA_A": 2.9078273144354027e-05, "CGA_T": 0.0001090433243786995, "CGA_C": 7.2696228077143495e-06, "GGT_A": 2.6170424021268284e-05, "GGT_T": 2.6170424021268284e-05, "GGT_C": 4.361730067327936e-11}