start_chunk	end_chunk	id_chunk	n_observed	mean_simulated	odds_ratio	u	pvalue	cintervL	cintervH	stdev
29000	29100	0	10	8.6261	1.1599052274284118	0.20880170763103267	0.6477082387140174	8.682781126739295	8.569418873260704	2.8914527127380105
29100	29200	1	19	9.6972	1.9665961058424861	6.987689537269574	0.008207222985977689	9.758457743999442	9.63594225600056	3.1249179445227036
29200	29300	2	11	16.2899	0.6738452940951023	1.952637406466252	0.1623029283346748	16.368800665292724	16.210999334707274	4.0249295633588416
29300	29400	3	10	9.7837	1.0221960358940523	0.004765734515243758	0.9449623175165781	9.844590929453858	9.722809070546141	3.1062057739306326
29400	29500	4	5	7.6789	0.6504432845005546	1.070263624807688	0.3008859068026105	7.732709393253607	7.625090606746392	2.744958067074978
29500	29600	5	14	17.8054	0.7850876700326868	0.8841236178886076	0.34707473568399927	17.886809156569388	17.72399084343061	4.152894272672976
29600	29700	6	15	14.4672	1.0370480485969933	0.019498481443017246	0.8889468344487101	14.541321931017414	14.393078068982586	3.7811538133220655
29700	29800	7	61	34.1969	1.8031755103976275	17.289172425361294	3.210108111531455e-05	34.31191283268405	34.08188716731595	5.867105793319223
29800	29900	8	1	2.5715	0.38863615405422336	1.2549993102770967	0.26259977980528737	2.6031677096297727	2.539832290370227	1.6154528003008939
