start_chunk	end_chunk	id_chunk	n_observed	mean_simulated	odds_ratio	u	pvalue	cintervL	cintervH	stdev
29000	29100	0	20	62.4489	0.31952074474005343	39.45152665030902	3.363047106089783e-10	62.60404203932419	62.29375796067581	7.914201715271099
29100	29200	1	330	70.6623	4.737258207887257	502.1977353324545	3.1607454572773257e-111	70.82552132549304	70.49907867450696	8.326347260954229
29200	29300	2	36	118.5125	0.30239787622754066	79.60962512694078	4.56197683994897e-19	118.72269769516518	118.30230230483483	10.722734900667833
29300	29400	3	17	70.874	0.23915796090522515	59.36503510484413	1.309756648089807e-14	71.03632736841828	70.7116726315817	8.280744169457236
29400	29500	4	14	55.6663	0.25092759887535554	44.77845975089974	2.206365904860513e-11	55.81119163871177	55.52140836128823	7.391301936059709
29500	29600	5	27	129.2647	0.20770884938310424	120.53648522493148	4.827079209966329e-28	129.48709198693257	129.04230801306744	11.34479765839832
29600	29700	6	42	105.306	0.3974596129354612	49.618373983274054	1.8675644690056466e-12	105.50318073906631	105.10881926093369	10.058705880976936
29700	29800	7	79	248.9973	0.31432280530593504	160.20186132473174	1.0222196789565553e-36	249.3033952514481	248.69120474855188	15.614720385264672
